node_id,unique_dests,ts_min,ts_max,ts_range,class_label,risk_score
128697,80,19,21,2,unknown,0.23112867439297133
158805,79,9,11,2,unknown,0.22868965000272745
40159,78,38,40,2,unknown,0.1902439024390244
170156,77,15,17,2,unknown,0.1878048780487805
87313,76,18,20,2,unknown,0.18536585365853658
6702,75,30,32,2,licit,0.25494027561521093
50479,75,43,45,2,unknown,0.26372180144996743
152739,75,12,14,2,licit,0.1829268292682927
127961,75,28,30,2,unknown,0.20843019085502226
17197,75,38,40,2,unknown,0.21893355244175183
123418,74,47,49,2,unknown,0.252501251224967
33495,73,33,35,2,licit,0.21405550366126402
111250,73,11,13,2,unknown,0.2500622268347231
38779,71,35,37,2,unknown,0.5405073224545879
128864,70,39,41,2,unknown,0.24274515366399144
97029,70,27,29,2,unknown,0.2120735422699543
175618,70,49,49,0,licit,0.17073170731707318
13145,70,17,19,2,unknown,0.2067384304905323
90974,67,29,31,2,unknown,0.21738818933865955
146156,67,9,11,2,licit,0.1634146341463415
42635,66,20,22,2,unknown,0.1969823329295567
101583,66,19,21,2,unknown,0.36651258721012275
195106,66,10,12,2,unknown,0.23298905610301582
42504,65,28,30,2,unknown,0.15853658536585366
99346,65,30,32,2,unknown,0.1945433085393128
113548,64,37,39,2,unknown,0.1921042841490689
198775,64,30,32,2,unknown,0.45104954867780533
156967,64,34,36,2,unknown,0.1921042841490689
93341,61,49,49,0,unknown,0.18478721097833717
77398,61,27,29,2,unknown,0.14878048780487804
36496,61,40,42,2,licit,0.18478721097833717
194381,59,43,45,2,unknown,0.17990916219784936
60356,58,25,27,2,unknown,0.21347686098106458
29921,57,35,37,2,unknown,0.13902439024390245
110786,56,6,8,2,unknown,0.2085988122005768
56538,55,23,25,2,unknown,0.20615978781033287
145990,55,35,37,2,unknown,0.14999066205599063
126986,54,23,25,2,licit,0.1317073170731707
54466,52,37,39,2,unknown,0.16283599146614205
159502,52,48,49,1,unknown,0.16283599146614205
9290,52,33,35,2,unknown,0.19884271463960118
98454,51,48,49,1,unknown,0.19640369024935728
13508,51,42,44,2,unknown,0.18641688900584866
113474,51,23,25,2,unknown,0.1615302734308343
189445,51,21,23,2,unknown,0.16039696707589815
159164,48,31,33,2,unknown,0.18908661707862556
3394,48,27,29,2,unknown,0.18777993255749853
180773,47,45,47,2,unknown,0.13008109789834552
11811,46,47,49,2,licit,0.1121951219512195
11344,44,38,40,2,unknown,0.17933051951764997
61952,43,24,26,2,unknown,0.10487804878048781
50030,43,37,39,2,licit,0.10487804878048781
108886,41,33,35,2,unknown,0.17201344634691826
172802,40,13,15,2,unknown,0.13422672268633953
84299,40,4,6,2,unknown,0.0975609756097561
117676,40,24,26,2,licit,0.0975609756097561
187203,39,21,23,2,unknown,0.16713539756643045
50789,37,34,36,2,unknown,0.11574726402575396
168135,36,22,24,2,unknown,0.15981832439569874
90930,36,24,26,2,licit,0.12381160122223961
148353,34,37,39,2,unknown,0.0829268292682927
167016,34,29,31,2,unknown,0.10843019085502226
118914,34,13,15,2,unknown,0.2275819923260866
160438,33,40,42,2,licit,0.08048780487804878
22380,33,28,30,2,unknown,0.18850797439842615
78581,32,22,24,2,unknown,0.11405550366126402
106625,32,47,49,2,licit,0.11405550366126402
149591,31,20,22,2,unknown,0.09239162742113341
163378,31,38,40,2,unknown,0.14762320244447924
93583,28,39,41,2,unknown,0.06829268292682927
109271,28,29,31,2,unknown,0.06829268292682927
146167,28,1,3,2,licit,0.09379604451355883
168495,27,40,42,2,unknown,0.14898818179085851
5883,27,16,18,2,unknown,0.06585365853658535
82042,27,9,11,2,unknown,0.06585365853658535
163470,26,37,39,2,licit,0.13542808049325972
130594,26,40,42,2,unknown,0.23507116730308247
54126,25,7,9,2,licit,0.09698233292955669
129026,25,15,17,2,unknown,0.11310974485045498
200511,24,32,34,2,unknown,0.1305500317127719
140042,24,26,28,2,unknown,0.1488436467882322
187254,23,5,7,2,unknown,0.09210428414906888
162696,21,6,8,2,licit,0.10303418625986797
90006,21,34,36,2,licit,0.14873632012876975
49623,20,2,4,2,unknown,0.08478721097833718
126466,20,26,28,2,unknown,0.08277504237771909
